Index1,Index2,InitialDate,LaggedDate,pairwise_bray
10,11,26-May-2016,01-Jun-2016,0.185757147658504
19,20,01-Jul-2016,07-Jul-2016,0.987735915053028
20,21,07-Jul-2016,13-Jul-2016,0.964367521579544
22,23,14-Jul-2016,20-Jul-2016,0.264372940557552
24,25,21-Jul-2016,27-Jul-2016,0.217509568875104
26,27,28-Jul-2016,03-Aug-2016,0.666996393357366
27,29,03-Aug-2016,09-Aug-2016,0.830655690565565
28,30,04-Aug-2016,10-Aug-2016,0.789994571784056
29,35,09-Aug-2016,15-Aug-2016,0.2449331438153
30,36,10-Aug-2016,16-Aug-2016,0.30504631910785
31,37,11-Aug-2016,17-Aug-2016,0.607694277163486
32,38,12-Aug-2016,18-Aug-2016,0.179134218260643
33,39,13-Aug-2016,19-Aug-2016,0.697089431272342
34,40,14-Aug-2016,20-Aug-2016,0.700260059175637
35,41,15-Aug-2016,21-Aug-2016,0.625347606185743
36,42,16-Aug-2016,22-Aug-2016,0.276605665545657
37,43,17-Aug-2016,23-Aug-2016,0.131212464755365
38,44,18-Aug-2016,24-Aug-2016,0.811368484615224
39,45,19-Aug-2016,25-Aug-2016,0.824967078795605
40,46,20-Aug-2016,26-Aug-2016,0.855050964196325
41,47,21-Aug-2016,27-Aug-2016,0.302617975061385
42,48,22-Aug-2016,28-Aug-2016,0.206092197906181
43,49,23-Aug-2016,29-Aug-2016,0.569291211403116
44,50,24-Aug-2016,30-Aug-2016,0.379930752717252
45,51,25-Aug-2016,31-Aug-2016,0.734849435571013
46,52,26-Aug-2016,01-Sep-2016,0.641647509369123
47,53,27-Aug-2016,02-Sep-2016,0.643847688090443
48,54,28-Aug-2016,03-Sep-2016,0.5863688127743
49,55,29-Aug-2016,04-Sep-2016,0.226225740961973
50,56,30-Aug-2016,05-Sep-2016,0.264022583366103
51,57,31-Aug-2016,06-Sep-2016,0.897947802360564
52,58,01-Sep-2016,07-Sep-2016,0.837479592667797
53,59,02-Sep-2016,08-Sep-2016,0.337525591283416
54,60,03-Sep-2016,09-Sep-2016,0.834670513401291
55,61,04-Sep-2016,10-Sep-2016,0.705138550133721
56,62,05-Sep-2016,11-Sep-2016,0.633327633690448
57,63,06-Sep-2016,12-Sep-2016,0.924288750393246
58,64,07-Sep-2016,13-Sep-2016,0.909754152522962
65,71,22-Sep-2016,28-Sep-2016,0.487151788731355
66,72,23-Sep-2016,29-Sep-2016,0.127894659347537
67,73,24-Sep-2016,30-Sep-2016,0.057333373007529
68,74,25-Sep-2016,01-Oct-2016,0.0626016054530154
69,75,26-Sep-2016,02-Oct-2016,0.222825983579043
71,76,28-Sep-2016,04-Oct-2016,0.267972078414443
72,77,29-Sep-2016,05-Oct-2016,0.0236871549543817
73,78,30-Sep-2016,06-Oct-2016,0.254146714610134
74,79,01-Oct-2016,07-Oct-2016,0.199439651612974
75,80,02-Oct-2016,08-Oct-2016,0.40942779647226
76,82,04-Oct-2016,10-Oct-2016,0.0608818767012165
77,83,05-Oct-2016,11-Oct-2016,0.380626230872938
78,84,06-Oct-2016,12-Oct-2016,0.794856022919707
79,85,07-Oct-2016,13-Oct-2016,0.737792296327956
80,86,08-Oct-2016,14-Oct-2016,0.901193090736709
81,87,09-Oct-2016,15-Oct-2016,0.861335811109143
82,88,10-Oct-2016,16-Oct-2016,0.836727739943132
83,89,11-Oct-2016,17-Oct-2016,0.342905506858064
84,90,12-Oct-2016,18-Oct-2016,0.697495344252011
85,91,13-Oct-2016,19-Oct-2016,0.939263262851505
92,98,27-Oct-2016,02-Nov-2016,0.774914130870449
93,99,28-Oct-2016,03-Nov-2016,0.453347974793775
94,100,29-Oct-2016,04-Nov-2016,0.42709194388041
102,108,23-Feb-2017,01-Mar-2017,0.276349893382086
103,109,24-Feb-2017,02-Mar-2017,0.393245864059718
104,110,25-Feb-2017,03-Mar-2017,0.321510911759196
109,111,02-Mar-2017,08-Mar-2017,0.557798387176575
110,112,03-Mar-2017,09-Mar-2017,0.621295774073577
111,117,08-Mar-2017,14-Mar-2017,0.505591617456536
112,118,09-Mar-2017,15-Mar-2017,0.305705233763354
113,119,10-Mar-2017,16-Mar-2017,0.490746429272605
114,120,11-Mar-2017,17-Mar-2017,0.350368550207217
115,121,12-Mar-2017,18-Mar-2017,0.338478315920989
121,122,18-Mar-2017,24-Mar-2017,0.339400391414699
126,132,22-Apr-2017,28-Apr-2017,0.705586308130173
127,133,23-Apr-2017,29-Apr-2017,0.530001455767797
128,134,24-Apr-2017,30-Apr-2017,0.390913178173528
129,135,25-Apr-2017,01-May-2017,0.477926301992256
130,136,26-Apr-2017,02-May-2017,0.296142382637246
131,137,27-Apr-2017,03-May-2017,0.421747132520308
132,138,28-Apr-2017,04-May-2017,0.487898900857843
133,139,29-Apr-2017,05-May-2017,0.363267659929122
134,140,30-Apr-2017,06-May-2017,0.498521378535248
135,141,01-May-2017,07-May-2017,0.362505708497377
136,142,02-May-2017,08-May-2017,0.175664109914587
137,143,03-May-2017,09-May-2017,0.273507368576098
138,144,04-May-2017,10-May-2017,0.30318058201653
139,145,05-May-2017,11-May-2017,0.400111734260685
140,146,06-May-2017,12-May-2017,0.344375674569088
141,147,07-May-2017,13-May-2017,0.486203154957058
142,148,08-May-2017,14-May-2017,0.369734333788753
143,149,09-May-2017,15-May-2017,0.217546687126251
144,150,10-May-2017,16-May-2017,0.376696500719845
145,151,11-May-2017,17-May-2017,0.182474206875041
146,152,12-May-2017,18-May-2017,0.176293151747016
147,153,13-May-2017,19-May-2017,0.281048665070801
148,154,14-May-2017,20-May-2017,0.382735183354047
149,155,15-May-2017,21-May-2017,0.347801454418097
150,156,16-May-2017,22-May-2017,0.400714633177149
151,157,17-May-2017,23-May-2017,0.296900224333522
152,158,18-May-2017,24-May-2017,0.416499848931382
153,159,19-May-2017,25-May-2017,0.449468094130948
154,160,20-May-2017,26-May-2017,0.486367387396051
155,161,21-May-2017,27-May-2017,0.366211931727261
156,162,22-May-2017,28-May-2017,0.238807741477928
157,163,23-May-2017,29-May-2017,0.551642092825422
158,164,24-May-2017,30-May-2017,0.707880534826308
159,165,25-May-2017,31-May-2017,0.549948524078886
160,166,26-May-2017,01-Jun-2017,0.686174272738398
161,167,27-May-2017,02-Jun-2017,0.599914070082464
162,168,28-May-2017,03-Jun-2017,0.470972783794351
163,169,29-May-2017,04-Jun-2017,0.19589951155095
164,170,30-May-2017,05-Jun-2017,0.330812797035672
165,171,31-May-2017,06-Jun-2017,0.170373225968833
166,172,01-Jun-2017,07-Jun-2017,0.18647809285137
167,173,02-Jun-2017,08-Jun-2017,0.181269475196745
168,174,03-Jun-2017,09-Jun-2017,0.386313506436544
169,175,04-Jun-2017,10-Jun-2017,0.280366129344859
170,176,05-Jun-2017,11-Jun-2017,0.293237158299145
171,177,06-Jun-2017,12-Jun-2017,0.267406828647943
172,178,07-Jun-2017,13-Jun-2017,0.321901732948208
173,179,08-Jun-2017,14-Jun-2017,0.105090766538499
174,180,09-Jun-2017,15-Jun-2017,0.377014953535932
175,181,10-Jun-2017,16-Jun-2017,0.377715381403493
176,182,11-Jun-2017,17-Jun-2017,0.313948234681761
177,183,12-Jun-2017,18-Jun-2017,0.392717198685791
178,184,13-Jun-2017,19-Jun-2017,0.388282174931499
179,185,14-Jun-2017,20-Jun-2017,0.340774963360816
180,186,15-Jun-2017,21-Jun-2017,0.273580334723899
181,187,16-Jun-2017,22-Jun-2017,0.34933480056215
182,188,17-Jun-2017,23-Jun-2017,0.460117215803555
189,195,18-Jan-2018,24-Jan-2018,0.511969044714984
190,196,19-Jan-2018,25-Jan-2018,0.465558206261686
191,197,20-Jan-2018,26-Jan-2018,0.334058018377641
192,198,21-Jan-2018,27-Jan-2018,0.246251851807704
197,199,26-Jan-2018,01-Feb-2018,0.573713245980787
198,200,27-Jan-2018,02-Feb-2018,0.589812345752874
199,205,01-Feb-2018,07-Feb-2018,0.327501517942311
200,206,02-Feb-2018,08-Feb-2018,0.321040036122164
207,213,15-Feb-2018,21-Feb-2018,0.509525466149962
208,214,16-Feb-2018,22-Feb-2018,0.276395614298975
209,215,17-Feb-2018,23-Feb-2018,0.138451399626363
210,216,18-Feb-2018,24-Feb-2018,0.247013528786048
211,217,19-Feb-2018,25-Feb-2018,0.312167603206881
212,218,20-Feb-2018,26-Feb-2018,0.46362649940757
213,219,21-Feb-2018,27-Feb-2018,0.246486938280176
215,220,23-Feb-2018,01-Mar-2018,0.244491574860738
220,222,01-Mar-2018,07-Mar-2018,0.300531577041419
221,227,06-Mar-2018,12-Mar-2018,0.565430270160599
222,228,07-Mar-2018,13-Mar-2018,0.399328288106911
223,229,08-Mar-2018,14-Mar-2018,0.276583165780573
224,230,09-Mar-2018,15-Mar-2018,0.202585899120684
225,231,10-Mar-2018,16-Mar-2018,0.287491423759834
226,232,11-Mar-2018,17-Mar-2018,0.129622046828441
227,233,12-Mar-2018,18-Mar-2018,0.130577603122278
228,234,13-Mar-2018,19-Mar-2018,0.120995601298143
229,235,14-Mar-2018,20-Mar-2018,0.185802153153179
230,236,15-Mar-2018,21-Mar-2018,0.162025549930885
231,237,16-Mar-2018,22-Mar-2018,0.341075616839826
232,238,17-Mar-2018,23-Mar-2018,0.337111048847102
233,239,18-Mar-2018,24-Mar-2018,0.514822625625877
234,240,19-Mar-2018,25-Mar-2018,0.462436978294981
235,241,20-Mar-2018,26-Mar-2018,0.363959192699832
236,242,21-Mar-2018,27-Mar-2018,0.574530054190626
237,243,22-Mar-2018,28-Mar-2018,0.175485187826353
238,244,23-Mar-2018,29-Mar-2018,0.190875501565085
239,245,24-Mar-2018,30-Mar-2018,0.509227182379574
240,246,25-Mar-2018,31-Mar-2018,0.474291917232842
241,247,26-Mar-2018,01-Apr-2018,0.313654844287621
242,248,27-Mar-2018,02-Apr-2018,0.139665926607042
243,249,28-Mar-2018,03-Apr-2018,0.369618443620031
244,250,29-Mar-2018,04-Apr-2018,0.287829618059845
245,251,30-Mar-2018,05-Apr-2018,0.34829674680932
246,252,31-Mar-2018,06-Apr-2018,0.873225295100937
247,253,01-Apr-2018,07-Apr-2018,0.867381820605292
249,254,03-Apr-2018,09-Apr-2018,0.723596237113732
250,255,04-Apr-2018,10-Apr-2018,0.86257878560176
251,256,05-Apr-2018,11-Apr-2018,0.810787925397181
252,257,06-Apr-2018,12-Apr-2018,0.265053340816498
253,258,07-Apr-2018,13-Apr-2018,0.378530032597297
257,259,12-Apr-2018,18-Apr-2018,0.254957647360898
258,260,13-Apr-2018,19-Apr-2018,0.274820298709314
259,265,18-Apr-2018,24-Apr-2018,0.281051908273519
260,266,19-Apr-2018,25-Apr-2018,0.333559450776253
261,267,20-Apr-2018,26-Apr-2018,0.504922030775028
262,268,21-Apr-2018,27-Apr-2018,0.395792705412886
269,275,12-May-2018,18-May-2018,0.201660709873796
270,276,13-May-2018,19-May-2018,0.208459273388701
271,277,14-May-2018,20-May-2018,0.525488135155654
272,278,15-May-2018,21-May-2018,0.604410705989655
273,279,16-May-2018,22-May-2018,0.640353947360566
274,280,17-May-2018,23-May-2018,0.431614853445126
275,281,18-May-2018,24-May-2018,0.351753110177328
276,282,19-May-2018,25-May-2018,0.255610201278288
277,283,20-May-2018,26-May-2018,0.55465888717011
278,284,21-May-2018,27-May-2018,0.657784404385139
281,285,24-May-2018,30-May-2018,0.322891456619763
282,286,25-May-2018,31-May-2018,0.191044424235809
283,287,26-May-2018,01-Jun-2018,0.320025048984641
284,288,27-May-2018,02-Jun-2018,0.329563807190893
285,291,30-May-2018,05-Jun-2018,0.469960108203495
286,292,31-May-2018,06-Jun-2018,0.51478668275651
287,293,01-Jun-2018,07-Jun-2018,0.360800832588626
288,294,02-Jun-2018,08-Jun-2018,0.587760620812802
289,295,03-Jun-2018,09-Jun-2018,0.422219486034667
290,296,04-Jun-2018,10-Jun-2018,0.102725563748432
291,297,05-Jun-2018,11-Jun-2018,0.11149867229185
292,298,06-Jun-2018,12-Jun-2018,0.229229469407881
293,299,07-Jun-2018,13-Jun-2018,0.210915534562686
294,300,08-Jun-2018,14-Jun-2018,0.295571641219616
295,301,09-Jun-2018,15-Jun-2018,0.371584361219685
296,302,10-Jun-2018,16-Jun-2018,0.349324054311603
297,303,11-Jun-2018,17-Jun-2018,0.338220236664349
298,304,12-Jun-2018,18-Jun-2018,0.402604323486814
299,305,13-Jun-2018,19-Jun-2018,0.272714570140952
300,306,14-Jun-2018,20-Jun-2018,0.144887368663124
301,307,15-Jun-2018,21-Jun-2018,0.388703309701721
302,308,16-Jun-2018,22-Jun-2018,0.352569184089933
303,309,17-Jun-2018,23-Jun-2018,0.248625693877142
304,310,18-Jun-2018,24-Jun-2018,0.385127151316488
305,311,19-Jun-2018,25-Jun-2018,0.491725186409933
306,312,20-Jun-2018,26-Jun-2018,0.497007210587075
307,313,21-Jun-2018,27-Jun-2018,0.148881741178207
308,314,22-Jun-2018,28-Jun-2018,0.247277179160191
309,315,23-Jun-2018,29-Jun-2018,0.293435834203319
310,316,24-Jun-2018,30-Jun-2018,0.235255767503258
311,317,25-Jun-2018,01-Jul-2018,0.277320737266853
312,318,26-Jun-2018,02-Jul-2018,0.215415333014045
313,319,27-Jun-2018,03-Jul-2018,0.160058402450915
314,320,28-Jun-2018,04-Jul-2018,0.140490628608234
315,321,29-Jun-2018,05-Jul-2018,0.497373919855124
316,322,30-Jun-2018,06-Jul-2018,0.420577984213694
317,323,01-Jul-2018,07-Jul-2018,0.534876904935824
318,324,02-Jul-2018,08-Jul-2018,0.37241239913079
319,325,03-Jul-2018,09-Jul-2018,0.225390931842576
320,326,04-Jul-2018,10-Jul-2018,0.246039591160329
321,327,05-Jul-2018,11-Jul-2018,0.215816335108591
322,328,06-Jul-2018,12-Jul-2018,0.25832129962512
323,329,07-Jul-2018,13-Jul-2018,0.241774936757061
324,330,08-Jul-2018,14-Jul-2018,0.44569664866329
325,331,09-Jul-2018,15-Jul-2018,0.631820613363505
326,332,10-Jul-2018,16-Jul-2018,0.562996478386359
327,333,11-Jul-2018,17-Jul-2018,0.492934387087522
328,334,12-Jul-2018,18-Jul-2018,0.338064167524234
329,335,13-Jul-2018,19-Jul-2018,0.31631542626404
330,336,14-Jul-2018,20-Jul-2018,0.249420778011564
331,337,15-Jul-2018,21-Jul-2018,0.282866446683282
332,338,16-Jul-2018,22-Jul-2018,0.347656469776634
333,339,17-Jul-2018,23-Jul-2018,0.183600232432565
334,340,18-Jul-2018,24-Jul-2018,0.162447780792849
335,341,19-Jul-2018,25-Jul-2018,0.110416218741604
336,342,20-Jul-2018,26-Jul-2018,0.155354107566516
337,343,21-Jul-2018,27-Jul-2018,0.113150499148925
338,344,22-Jul-2018,28-Jul-2018,0.336542242326209
339,345,23-Jul-2018,29-Jul-2018,0.218205353192114
340,346,24-Jul-2018,30-Jul-2018,0.237009880180377
341,347,25-Jul-2018,31-Jul-2018,0.125380740435547
342,348,26-Jul-2018,01-Aug-2018,0.138088027947748
343,349,27-Jul-2018,02-Aug-2018,0.188458370871964
344,350,28-Jul-2018,03-Aug-2018,0.318810221659035
345,351,29-Jul-2018,04-Aug-2018,0.1636924507991
346,352,30-Jul-2018,05-Aug-2018,0.0985830784655331
347,353,31-Jul-2018,06-Aug-2018,0.368213243188343
355,358,18-Aug-2018,24-Aug-2018,0.956457881286041
356,359,19-Aug-2018,25-Aug-2018,0.94630637018913
357,360,20-Aug-2018,26-Aug-2018,0.683570157434945
358,364,24-Aug-2018,30-Aug-2018,0.529431335913315
359,365,25-Aug-2018,31-Aug-2018,0.406912532101706
360,366,26-Aug-2018,01-Sep-2018,0.155043382983878
361,367,27-Aug-2018,02-Sep-2018,0.13170248795032
362,368,28-Aug-2018,03-Sep-2018,0.147360167061039
363,369,29-Aug-2018,04-Sep-2018,0.426964203653477
364,370,30-Aug-2018,05-Sep-2018,0.298538794383115
365,371,31-Aug-2018,06-Sep-2018,0.50190684031477
366,372,01-Sep-2018,07-Sep-2018,0.453492717607699
367,373,02-Sep-2018,08-Sep-2018,0.440853916981899
368,374,03-Sep-2018,09-Sep-2018,0.371809713099379
369,375,04-Sep-2018,10-Sep-2018,0.199036531776389
370,376,05-Sep-2018,11-Sep-2018,0.303992263872161
371,377,06-Sep-2018,12-Sep-2018,0.298740247783938
372,378,07-Sep-2018,13-Sep-2018,0.379101041903626
373,379,08-Sep-2018,14-Sep-2018,0.237981287996867
374,380,09-Sep-2018,15-Sep-2018,0.300534254580136
375,381,10-Sep-2018,16-Sep-2018,0.226716716904834
376,382,11-Sep-2018,17-Sep-2018,0.21183670722775
383,387,24-Sep-2018,30-Sep-2018,0.369378258992458
384,390,27-Sep-2018,03-Oct-2018,0.768925843024803
385,391,28-Sep-2018,04-Oct-2018,0.213723334973487
386,392,29-Sep-2018,05-Oct-2018,0.620574911767289
387,393,30-Sep-2018,06-Oct-2018,0.492392971889173
388,394,01-Oct-2018,07-Oct-2018,0.630594659291487
389,395,02-Oct-2018,08-Oct-2018,0.309666838686299
391,396,04-Oct-2018,10-Oct-2018,0.368748034612845
392,397,05-Oct-2018,11-Oct-2018,0.302826104542179
393,398,06-Oct-2018,12-Oct-2018,0.182359966036743
394,399,07-Oct-2018,13-Oct-2018,0.325278976584442
395,400,08-Oct-2018,14-Oct-2018,0.481327377843106
396,402,10-Oct-2018,16-Oct-2018,0.724124557159583
397,403,11-Oct-2018,17-Oct-2018,0.297077845075581
398,404,12-Oct-2018,18-Oct-2018,0.282069881185313
399,405,13-Oct-2018,19-Oct-2018,0.517335124124575
400,406,14-Oct-2018,20-Oct-2018,0.686904229349634
402,407,16-Oct-2018,22-Oct-2018,0.819247622808115
403,408,17-Oct-2018,23-Oct-2018,0.597959292156354
404,409,18-Oct-2018,24-Oct-2018,0.151887319489582
405,410,19-Oct-2018,25-Oct-2018,0.348897425630997
406,411,20-Oct-2018,26-Oct-2018,0.24498812377731
407,413,22-Oct-2018,28-Oct-2018,0.287908563356622
408,414,23-Oct-2018,29-Oct-2018,0.310847200035525
409,415,24-Oct-2018,30-Oct-2018,0.0940105124731042
410,416,25-Oct-2018,31-Oct-2018,0.513694466057014
411,417,26-Oct-2018,01-Nov-2018,0.544431642491265
412,418,27-Oct-2018,02-Nov-2018,0.223718154136132
413,419,28-Oct-2018,03-Nov-2018,0.152234507115264
414,420,29-Oct-2018,04-Nov-2018,0.337263216051371
415,421,30-Oct-2018,05-Nov-2018,0.176416416152765
416,422,31-Oct-2018,06-Nov-2018,0.539544854720975
419,423,03-Nov-2018,09-Nov-2018,0.777955281272771
420,424,04-Nov-2018,10-Nov-2018,0.856435931714033
421,425,05-Nov-2018,11-Nov-2018,0.669893167156943
422,426,06-Nov-2018,12-Nov-2018,0.666844159897412
423,429,09-Nov-2018,15-Nov-2018,0.332440583491813
424,430,10-Nov-2018,16-Nov-2018,0.459798972611535
425,431,11-Nov-2018,17-Nov-2018,0.667731109275499
426,432,12-Nov-2018,18-Nov-2018,0.639200984117493
427,433,13-Nov-2018,19-Nov-2018,0.122179987216731
428,434,14-Nov-2018,20-Nov-2018,0.497729776452111
429,435,15-Nov-2018,21-Nov-2018,0.285186723805587
430,436,16-Nov-2018,22-Nov-2018,0.39979004532085
431,437,17-Nov-2018,23-Nov-2018,0.731778542281117
432,438,18-Nov-2018,24-Nov-2018,0.705745564495033
433,439,19-Nov-2018,25-Nov-2018,0.214517893387063
434,440,20-Nov-2018,26-Nov-2018,0.284069237617843
435,441,21-Nov-2018,27-Nov-2018,0.5253575601047
436,442,22-Nov-2018,28-Nov-2018,0.198826104396523
443,449,05-Dec-2018,11-Dec-2018,0.069139204136306
444,450,06-Dec-2018,12-Dec-2018,0.0982360392320569
445,451,07-Dec-2018,13-Dec-2018,0.115772882545476
446,452,08-Dec-2018,14-Dec-2018,0.100943581987083
448,453,10-Dec-2018,16-Dec-2018,0.112193415075586
449,454,11-Dec-2018,17-Dec-2018,0.265554940555835
452,455,14-Dec-2018,20-Dec-2018,0.3181121307015
453,457,16-Dec-2018,22-Dec-2018,0.49614546449732
454,458,17-Dec-2018,23-Dec-2018,0.385376155898823
455,460,20-Dec-2018,26-Dec-2018,0.759590014233854
456,461,21-Dec-2018,27-Dec-2018,0.56679246037468
457,462,22-Dec-2018,28-Dec-2018,0.121687908618205
458,463,23-Dec-2018,29-Dec-2018,0.144554688812999
459,464,24-Dec-2018,30-Dec-2018,0.121959356725686
460,466,26-Dec-2018,01-Jan-2019,0.197539085256871
461,467,27-Dec-2018,02-Jan-2019,0.165301608290165
474,480,14-Mar-2019,20-Mar-2019,0.304337776929502
475,481,15-Mar-2019,21-Mar-2019,0.434430464507038
476,482,16-Mar-2019,22-Mar-2019,0.303970878839849
477,483,17-Mar-2019,23-Mar-2019,0.291092683480866
478,484,18-Mar-2019,24-Mar-2019,0.200881848577797
479,485,19-Mar-2019,25-Mar-2019,0.249240060329679
486,492,29-Apr-2019,05-May-2019,0.355074512349022
487,493,30-Apr-2019,06-May-2019,0.547723656962102
488,494,01-May-2019,07-May-2019,0.319465334386293
489,495,02-May-2019,08-May-2019,0.251756575625447
490,496,03-May-2019,09-May-2019,0.389418767945868
491,497,04-May-2019,10-May-2019,0.370544358792219
492,498,05-May-2019,11-May-2019,0.436580367473367
493,499,06-May-2019,12-May-2019,0.145571650268301
494,500,07-May-2019,13-May-2019,0.117203044059155
495,501,08-May-2019,14-May-2019,0.264944433542972
496,502,09-May-2019,15-May-2019,0.0763943711591944
497,503,10-May-2019,16-May-2019,0.23720839519787
498,504,11-May-2019,17-May-2019,0.249097990117281
499,505,12-May-2019,18-May-2019,0.137734862080854
500,506,13-May-2019,19-May-2019,0.14980358441796
501,507,14-May-2019,20-May-2019,0.406554770907378
505,508,18-May-2019,24-May-2019,0.212624843992046
506,509,19-May-2019,25-May-2019,0.221999776639482
507,510,20-May-2019,26-May-2019,0.612920342164454
508,514,24-May-2019,30-May-2019,0.235048211657116
509,515,25-May-2019,31-May-2019,0.260974222720779
510,516,26-May-2019,01-Jun-2019,0.364257466005745
511,517,27-May-2019,02-Jun-2019,0.217022387910341
512,518,28-May-2019,03-Jun-2019,0.23323610293265
513,519,29-May-2019,04-Jun-2019,0.327569535898995
514,520,30-May-2019,05-Jun-2019,0.302690966654064
515,521,31-May-2019,06-Jun-2019,0.356181778664761
516,522,01-Jun-2019,07-Jun-2019,0.225259785845311
517,523,02-Jun-2019,08-Jun-2019,0.362817331418481
518,524,03-Jun-2019,09-Jun-2019,0.160952866636261
519,525,04-Jun-2019,10-Jun-2019,0.213486562260734
520,526,05-Jun-2019,11-Jun-2019,0.277165959189411
521,527,06-Jun-2019,12-Jun-2019,0.619886228993941
522,528,07-Jun-2019,13-Jun-2019,0.514497857461676
523,529,08-Jun-2019,14-Jun-2019,0.319675422739339
524,530,09-Jun-2019,15-Jun-2019,0.208309301027063
525,531,10-Jun-2019,16-Jun-2019,0.103217978972035
526,532,11-Jun-2019,17-Jun-2019,0.107196987037652
527,533,12-Jun-2019,18-Jun-2019,0.184853781609003
528,534,13-Jun-2019,19-Jun-2019,0.12948950568974
529,535,14-Jun-2019,20-Jun-2019,0.124881036002867
530,536,15-Jun-2019,21-Jun-2019,0.152585773547247
531,537,16-Jun-2019,22-Jun-2019,0.135033875573741
532,538,17-Jun-2019,23-Jun-2019,0.267184865178563
533,539,18-Jun-2019,24-Jun-2019,0.266200331747388
534,540,19-Jun-2019,25-Jun-2019,0.368269187405215
535,541,20-Jun-2019,26-Jun-2019,0.619250569621337
536,542,21-Jun-2019,27-Jun-2019,0.470861929158086
537,543,22-Jun-2019,28-Jun-2019,0.507367896801545
538,544,23-Jun-2019,29-Jun-2019,0.708505671930727
539,545,24-Jun-2019,30-Jun-2019,0.345970843957509
540,546,25-Jun-2019,01-Jul-2019,0.107328338076108
541,547,26-Jun-2019,02-Jul-2019,0.09368760550575
542,548,27-Jun-2019,03-Jul-2019,0.163023498843679
543,549,28-Jun-2019,04-Jul-2019,0.333764502794211
544,550,29-Jun-2019,05-Jul-2019,0.504138236459443
545,551,30-Jun-2019,06-Jul-2019,0.379161411159651
546,552,01-Jul-2019,07-Jul-2019,0.228774777714128
547,553,02-Jul-2019,08-Jul-2019,0.449109836284085
548,554,03-Jul-2019,09-Jul-2019,0.246257467680861
549,555,04-Jul-2019,10-Jul-2019,0.161017158174372
550,556,05-Jul-2019,11-Jul-2019,0.119093169196842
551,557,06-Jul-2019,12-Jul-2019,0.22833393585582
552,558,07-Jul-2019,13-Jul-2019,0.201544582543674
553,559,08-Jul-2019,14-Jul-2019,0.366754804772892
554,560,09-Jul-2019,15-Jul-2019,0.287140635530478
555,561,10-Jul-2019,16-Jul-2019,0.456941684092131
556,562,11-Jul-2019,17-Jul-2019,0.440074222907399
557,563,12-Jul-2019,18-Jul-2019,0.427596591548673
558,564,13-Jul-2019,19-Jul-2019,0.342854701107677
559,565,14-Jul-2019,20-Jul-2019,0.122120719167514
560,566,15-Jul-2019,21-Jul-2019,0.134596422522053
561,567,16-Jul-2019,22-Jul-2019,0.352680950026657
562,568,17-Jul-2019,23-Jul-2019,0.567736735464412
563,569,18-Jul-2019,24-Jul-2019,0.462439687909376
564,570,19-Jul-2019,25-Jul-2019,0.148843888861962
565,571,20-Jul-2019,26-Jul-2019,0.0757988105919967
566,572,21-Jul-2019,27-Jul-2019,0.271140722040827
567,573,22-Jul-2019,28-Jul-2019,0.248937956978658
568,574,23-Jul-2019,29-Jul-2019,0.213931035000303
569,575,24-Jul-2019,30-Jul-2019,0.199287291064317
570,576,25-Jul-2019,31-Jul-2019,0.540777056132363
571,577,26-Jul-2019,01-Aug-2019,0.466902275554447
578,584,23-Apr-2020,29-Apr-2020,0.482563161806291
579,585,24-Apr-2020,30-Apr-2020,0.415547869854653
580,586,25-Apr-2020,01-May-2020,0.399650142923867
581,587,26-Apr-2020,02-May-2020,0.577253434086038
582,588,27-Apr-2020,03-May-2020,0.680703269501245
583,589,28-Apr-2020,04-May-2020,0.651487997707653
584,590,29-Apr-2020,05-May-2020,0.671571493842739
585,591,30-Apr-2020,06-May-2020,0.577129256077373
586,592,01-May-2020,07-May-2020,0.4668059401894
587,593,02-May-2020,08-May-2020,0.261043215148952
588,594,03-May-2020,09-May-2020,0.0953359948977871
589,595,04-May-2020,10-May-2020,0.120902031229964
590,596,05-May-2020,11-May-2020,0.268998597466918
591,597,06-May-2020,12-May-2020,0.227705670238965
592,598,07-May-2020,13-May-2020,0.149780010342908
593,599,08-May-2020,14-May-2020,0.0601629151100275
594,600,09-May-2020,15-May-2020,0.18783502861633
595,601,10-May-2020,16-May-2020,0.180473605386463
596,602,11-May-2020,17-May-2020,0.153663713290031
597,603,12-May-2020,18-May-2020,0.141989101862617
598,604,13-May-2020,19-May-2020,0.271654659110351
599,605,14-May-2020,20-May-2020,0.467195072191422
600,606,15-May-2020,21-May-2020,0.285372139344259
601,607,16-May-2020,22-May-2020,0.454558377805303
602,608,17-May-2020,23-May-2020,0.579303616352529
603,609,18-May-2020,24-May-2020,0.398752351370475
604,610,19-May-2020,25-May-2020,0.359419554697619
605,611,20-May-2020,26-May-2020,0.0860387205522346
606,612,21-May-2020,27-May-2020,0.181182748711533
607,613,22-May-2020,28-May-2020,0.125711905951232
608,614,23-May-2020,29-May-2020,0.242668950203954
609,615,24-May-2020,30-May-2020,0.227123212086857
610,616,25-May-2020,31-May-2020,0.310895197360078
611,617,26-May-2020,01-Jun-2020,0.0935040904652686
612,618,27-May-2020,02-Jun-2020,0.882148348053157
613,619,28-May-2020,03-Jun-2020,0.825272019727296
614,620,29-May-2020,04-Jun-2020,0.886747130768314
615,621,30-May-2020,05-Jun-2020,0.817472895372565
616,622,31-May-2020,06-Jun-2020,0.895497296619997
617,623,01-Jun-2020,07-Jun-2020,0.853499819929194
618,624,02-Jun-2020,08-Jun-2020,0.141041875076632
619,625,03-Jun-2020,09-Jun-2020,0.405250133658111
620,626,04-Jun-2020,10-Jun-2020,0.306526921251384
621,627,05-Jun-2020,11-Jun-2020,0.177313641228552
622,628,06-Jun-2020,12-Jun-2020,0.207091223012057
623,629,07-Jun-2020,13-Jun-2020,0.264608291116739
624,630,08-Jun-2020,14-Jun-2020,0.248019055896695
625,631,09-Jun-2020,15-Jun-2020,0.178098907937081
626,632,10-Jun-2020,16-Jun-2020,0.0619824733605396
627,633,11-Jun-2020,17-Jun-2020,0.151930639422476
628,634,12-Jun-2020,18-Jun-2020,0.124463797101764
629,635,13-Jun-2020,19-Jun-2020,0.51161792069909
630,636,14-Jun-2020,20-Jun-2020,0.378112066717239
631,637,15-Jun-2020,21-Jun-2020,0.387167230419451
632,638,16-Jun-2020,22-Jun-2020,0.156211719712711
633,639,17-Jun-2020,23-Jun-2020,0.120527367796606
634,640,18-Jun-2020,24-Jun-2020,0.24466821325344
635,641,19-Jun-2020,25-Jun-2020,0.100197053076468
636,642,20-Jun-2020,26-Jun-2020,0.102872057104931
637,643,21-Jun-2020,27-Jun-2020,0.107902903140505
638,644,22-Jun-2020,28-Jun-2020,0.281414038079773
639,645,23-Jun-2020,29-Jun-2020,0.412595166174625
640,646,24-Jun-2020,30-Jun-2020,0.466717648000925
641,647,25-Jun-2020,01-Jul-2020,0.3743805310047
642,648,26-Jun-2020,02-Jul-2020,0.491134719275471
643,649,27-Jun-2020,03-Jul-2020,0.143572797085994
644,650,28-Jun-2020,04-Jul-2020,0.155465551508545
645,651,29-Jun-2020,05-Jul-2020,0.338975992445874
646,652,30-Jun-2020,06-Jul-2020,0.118906725945122
647,653,01-Jul-2020,07-Jul-2020,0.394866572126157
648,654,02-Jul-2020,08-Jul-2020,0.18600684833503
649,655,03-Jul-2020,09-Jul-2020,0.458197155398665
650,656,04-Jul-2020,10-Jul-2020,0.56361019818122
651,657,05-Jul-2020,11-Jul-2020,0.171026478128402
652,658,06-Jul-2020,12-Jul-2020,0.206051637258196
653,659,07-Jul-2020,13-Jul-2020,0.541863424992839
654,660,08-Jul-2020,14-Jul-2020,0.29643761570231
655,661,09-Jul-2020,15-Jul-2020,0.565360281878158
656,662,10-Jul-2020,16-Jul-2020,0.367785653813362
657,663,11-Jul-2020,17-Jul-2020,0.386377509770971
658,664,12-Jul-2020,18-Jul-2020,0.172108405118589
659,665,13-Jul-2020,19-Jul-2020,0.216307711829226
660,666,14-Jul-2020,20-Jul-2020,0.229409337164212
661,667,15-Jul-2020,21-Jul-2020,0.178970119602092
662,668,16-Jul-2020,22-Jul-2020,0.345434422842796
663,669,17-Jul-2020,23-Jul-2020,0.251403731041148
664,670,18-Jul-2020,24-Jul-2020,0.485119666574922
665,671,19-Jul-2020,25-Jul-2020,0.321918883614761
666,672,20-Jul-2020,26-Jul-2020,0.157903518110681
667,673,21-Jul-2020,27-Jul-2020,0.111370799543956
668,674,22-Jul-2020,28-Jul-2020,0.0908439988451499
669,675,23-Jul-2020,29-Jul-2020,0.126759998321703
670,676,24-Jul-2020,30-Jul-2020,0.35817910362021
671,677,25-Jul-2020,31-Jul-2020,0.314330551866838
672,678,26-Jul-2020,01-Aug-2020,0.189671801704418
673,679,27-Jul-2020,02-Aug-2020,0.142730538447805
674,680,28-Jul-2020,03-Aug-2020,0.149390782397654
675,681,29-Jul-2020,04-Aug-2020,0.300637773670247
676,682,30-Jul-2020,05-Aug-2020,0.181725263920574
677,683,31-Jul-2020,06-Aug-2020,0.395810744892747
678,684,01-Aug-2020,07-Aug-2020,0.333831336454657
679,685,02-Aug-2020,08-Aug-2020,0.359591283038776
680,686,03-Aug-2020,09-Aug-2020,0.306959485617174
681,687,04-Aug-2020,10-Aug-2020,0.49231718265008
682,688,05-Aug-2020,11-Aug-2020,0.27303364140837
683,689,06-Aug-2020,12-Aug-2020,0.680393530121664
684,690,07-Aug-2020,13-Aug-2020,0.708069802170984
685,691,08-Aug-2020,14-Aug-2020,0.165239017244615
686,692,09-Aug-2020,15-Aug-2020,0.179117643581654
687,693,10-Aug-2020,16-Aug-2020,0.222058782612907
688,694,11-Aug-2020,17-Aug-2020,0.401171400406841
689,695,12-Aug-2020,18-Aug-2020,0.610911635027866
690,696,13-Aug-2020,19-Aug-2020,0.620978488974307
691,697,14-Aug-2020,20-Aug-2020,0.573546957266886
692,698,15-Aug-2020,21-Aug-2020,0.514290137270893
693,699,16-Aug-2020,22-Aug-2020,0.513650191950233
694,700,17-Aug-2020,23-Aug-2020,0.227556500004326
695,701,18-Aug-2020,24-Aug-2020,0.237766505623389
696,702,19-Aug-2020,25-Aug-2020,0.467240486373802
697,703,20-Aug-2020,26-Aug-2020,0.427274386204537
698,704,21-Aug-2020,27-Aug-2020,0.233842973696276
699,705,22-Aug-2020,28-Aug-2020,0.238389266900029
700,706,23-Aug-2020,29-Aug-2020,0.162267943805252
701,707,24-Aug-2020,30-Aug-2020,0.175267923106809
702,708,25-Aug-2020,31-Aug-2020,0.0938991197992569
703,709,26-Aug-2020,01-Sep-2020,0.314885724488526
704,710,27-Aug-2020,02-Sep-2020,0.365804816518691
705,711,28-Aug-2020,03-Sep-2020,0.874413522811011
706,712,29-Aug-2020,04-Sep-2020,0.818009825144309
707,713,30-Aug-2020,05-Sep-2020,0.792696401115782
708,714,31-Aug-2020,06-Sep-2020,0.770744009920941
709,715,01-Sep-2020,07-Sep-2020,0.717641195343155
710,716,02-Sep-2020,08-Sep-2020,0.37613969688584
711,717,03-Sep-2020,09-Sep-2020,0.554626408490831
712,718,04-Sep-2020,10-Sep-2020,0.507560250089712
713,719,05-Sep-2020,11-Sep-2020,0.29684264207479
714,720,06-Sep-2020,12-Sep-2020,0.266550783008728
715,721,07-Sep-2020,13-Sep-2020,0.268372656087165
716,722,08-Sep-2020,14-Sep-2020,0.489852450824139
717,723,09-Sep-2020,15-Sep-2020,0.423691562902023
718,724,10-Sep-2020,16-Sep-2020,0.447101713521027
719,725,11-Sep-2020,17-Sep-2020,0.240516858243445
720,726,12-Sep-2020,18-Sep-2020,0.216908704090366
721,727,13-Sep-2020,19-Sep-2020,0.345370136510417
722,728,14-Sep-2020,20-Sep-2020,0.395409581557277
723,729,15-Sep-2020,21-Sep-2020,0.504313493156966
724,730,16-Sep-2020,22-Sep-2020,0.391955828373077
725,731,17-Sep-2020,23-Sep-2020,0.238914297394455
726,732,18-Sep-2020,24-Sep-2020,0.270347885939622
727,733,19-Sep-2020,25-Sep-2020,0.247036351554216
728,734,20-Sep-2020,26-Sep-2020,0.288802354116973
730,735,22-Sep-2020,28-Sep-2020,0.443402787009227
731,736,23-Sep-2020,29-Sep-2020,0.204610334670998
732,737,24-Sep-2020,30-Sep-2020,0.314425090069432
733,738,25-Sep-2020,01-Oct-2020,0.118211126155015
734,739,26-Sep-2020,02-Oct-2020,0.165997968240576
735,741,28-Sep-2020,04-Oct-2020,0.41199461458682
736,742,29-Sep-2020,05-Oct-2020,0.315450807182058
737,743,30-Sep-2020,06-Oct-2020,0.35416284983964
738,744,01-Oct-2020,07-Oct-2020,0.143630670631352
739,745,02-Oct-2020,08-Oct-2020,0.190865290220665
740,746,03-Oct-2020,09-Oct-2020,0.587411245231271
741,747,04-Oct-2020,10-Oct-2020,0.46719029690163
742,748,05-Oct-2020,11-Oct-2020,0.618885662785554
743,749,06-Oct-2020,12-Oct-2020,0.402143495410708
744,750,07-Oct-2020,13-Oct-2020,0.13188770822634
745,751,08-Oct-2020,14-Oct-2020,0.120391408269174
746,752,09-Oct-2020,15-Oct-2020,0.159655368253569
747,753,10-Oct-2020,16-Oct-2020,0.277597633492306
748,754,11-Oct-2020,17-Oct-2020,0.143347165410154
749,755,12-Oct-2020,18-Oct-2020,0.0669012825991555
750,756,13-Oct-2020,19-Oct-2020,0.0924923683424421
751,757,14-Oct-2020,20-Oct-2020,0.344383140698773
752,758,15-Oct-2020,21-Oct-2020,0.0524544121902221
753,759,16-Oct-2020,22-Oct-2020,0.299963334061454
754,760,17-Oct-2020,23-Oct-2020,0.0477112434430598
755,761,18-Oct-2020,24-Oct-2020,0.0799983408415929
756,762,19-Oct-2020,25-Oct-2020,0.536310414100577
757,763,20-Oct-2020,26-Oct-2020,0.29668220080943
758,764,21-Oct-2020,27-Oct-2020,0.504546112103102
759,765,22-Oct-2020,28-Oct-2020,0.229328022228342
762,766,25-Oct-2020,31-Oct-2020,0.490865615779306
763,767,26-Oct-2020,01-Nov-2020,0.202907627734206
764,768,27-Oct-2020,02-Nov-2020,0.223105422380952
765,769,28-Oct-2020,03-Nov-2020,0.131102111168678
766,772,31-Oct-2020,06-Nov-2020,0.1445822477659
767,773,01-Nov-2020,07-Nov-2020,0.744094127728784
768,774,02-Nov-2020,08-Nov-2020,0.873116045687717
771,775,05-Nov-2020,11-Nov-2020,0.655355747060057
772,776,06-Nov-2020,12-Nov-2020,0.628115941091461
773,777,07-Nov-2020,13-Nov-2020,0.255671978762106
774,778,08-Nov-2020,14-Nov-2020,0.250474356486073
775,781,11-Nov-2020,17-Nov-2020,0.408951746059836
776,782,12-Nov-2020,18-Nov-2020,0.329298410278545
777,783,13-Nov-2020,19-Nov-2020,0.367160095009974
778,784,14-Nov-2020,20-Nov-2020,0.484208004648127
779,785,15-Nov-2020,21-Nov-2020,0.361210010165964
780,786,16-Nov-2020,22-Nov-2020,0.0861627972395218
781,787,17-Nov-2020,23-Nov-2020,0.168861818462466
782,788,18-Nov-2020,24-Nov-2020,0.160259574199847
783,789,19-Nov-2020,25-Nov-2020,0.280630705438741
784,790,20-Nov-2020,26-Nov-2020,0.277611717779903
785,791,21-Nov-2020,27-Nov-2020,0.558224639037302
786,792,22-Nov-2020,28-Nov-2020,0.195121778023659
787,793,23-Nov-2020,29-Nov-2020,0.0911801803129007
788,794,24-Nov-2020,30-Nov-2020,0.160806379300196
789,795,25-Nov-2020,01-Dec-2020,0.212241041299394
790,796,26-Nov-2020,02-Dec-2020,0.234330425730943
791,797,27-Nov-2020,03-Dec-2020,0.241070444662288
792,798,28-Nov-2020,04-Dec-2020,0.163179032400023
799,805,07-Jan-2021,13-Jan-2021,0.155599333302459
800,806,08-Jan-2021,14-Jan-2021,0.0770034413680207
801,807,09-Jan-2021,15-Jan-2021,0.20203217958127
802,808,10-Jan-2021,16-Jan-2021,0.391354495022977
803,809,11-Jan-2021,17-Jan-2021,0.221878789107983
804,810,12-Jan-2021,18-Jan-2021,0.273948328595561
805,811,13-Jan-2021,19-Jan-2021,0.136071407844592
806,812,14-Jan-2021,20-Jan-2021,0.129823877615638
807,813,15-Jan-2021,21-Jan-2021,0.188650342992069
808,814,16-Jan-2021,22-Jan-2021,0.153688421898473
809,815,17-Jan-2021,23-Jan-2021,0.221467173937019
810,816,18-Jan-2021,24-Jan-2021,0.334145771965389
811,817,19-Jan-2021,25-Jan-2021,0.320618953163514
812,818,20-Jan-2021,26-Jan-2021,0.256716867319621
813,819,21-Jan-2021,27-Jan-2021,0.297476852604131
814,820,22-Jan-2021,28-Jan-2021,0.354726855046792
815,821,23-Jan-2021,29-Jan-2021,0.524004306215603
816,822,24-Jan-2021,30-Jan-2021,0.620636942430584
823,829,16-Feb-2021,22-Feb-2021,0.353447801765236
824,830,17-Feb-2021,23-Feb-2021,0.521393101850806
825,831,18-Feb-2021,24-Feb-2021,0.577504781559003
826,832,19-Feb-2021,25-Feb-2021,0.639405342947936
831,833,24-Feb-2021,02-Mar-2021,0.462452933053692
832,834,25-Feb-2021,03-Mar-2021,0.335323237133068
833,839,02-Mar-2021,08-Mar-2021,0.740161465883121
834,840,03-Mar-2021,09-Mar-2021,0.811638011842243
835,841,04-Mar-2021,10-Mar-2021,0.714749430312543
836,842,05-Mar-2021,11-Mar-2021,0.679391834859623
837,843,06-Mar-2021,12-Mar-2021,0.7949021358724
838,844,07-Mar-2021,13-Mar-2021,0.447076416474396
839,845,08-Mar-2021,14-Mar-2021,0.349085999669736
840,846,09-Mar-2021,15-Mar-2021,0.295735224249575
841,847,10-Mar-2021,16-Mar-2021,0.290730228467947
842,848,11-Mar-2021,17-Mar-2021,0.359970922412781
843,849,12-Mar-2021,18-Mar-2021,0.306335380568894
844,850,13-Mar-2021,19-Mar-2021,0.178198991318335
845,851,14-Mar-2021,20-Mar-2021,0.250676188722699
852,858,27-Mar-2021,02-Apr-2021,0.739469587896267
853,859,28-Mar-2021,03-Apr-2021,0.850394340691608
854,860,29-Mar-2021,04-Apr-2021,0.87955889915879
855,861,30-Mar-2021,05-Apr-2021,0.831805661378537
856,862,31-Mar-2021,06-Apr-2021,0.663095630547729
857,863,01-Apr-2021,07-Apr-2021,0.360596764755894
858,864,02-Apr-2021,08-Apr-2021,0.238555002981634
859,865,03-Apr-2021,09-Apr-2021,0.778990351681683
860,866,04-Apr-2021,10-Apr-2021,0.610307011255562
861,867,05-Apr-2021,11-Apr-2021,0.359453535704723
862,868,06-Apr-2021,12-Apr-2021,0.450687263392762
863,869,07-Apr-2021,13-Apr-2021,0.695047280783754
864,870,08-Apr-2021,14-Apr-2021,0.532644990946014
865,871,09-Apr-2021,15-Apr-2021,0.580137411930774
866,872,10-Apr-2021,16-Apr-2021,0.150518277929168
867,873,11-Apr-2021,17-Apr-2021,0.620372088731965
868,874,12-Apr-2021,18-Apr-2021,0.658214643272989
869,875,13-Apr-2021,19-Apr-2021,0.805622975143273
870,876,14-Apr-2021,20-Apr-2021,0.730933405620656
871,877,15-Apr-2021,21-Apr-2021,0.496051717529315
872,878,16-Apr-2021,22-Apr-2021,0.56013951534984
873,879,17-Apr-2021,23-Apr-2021,0.680542097557718
874,880,18-Apr-2021,24-Apr-2021,0.376724633401107
875,881,19-Apr-2021,25-Apr-2021,0.477912140471244
876,882,20-Apr-2021,26-Apr-2021,0.507516454505196
877,883,21-Apr-2021,27-Apr-2021,0.708932385742785
878,884,22-Apr-2021,28-Apr-2021,0.425937377726996
879,885,23-Apr-2021,29-Apr-2021,0.616157929694717
880,886,24-Apr-2021,30-Apr-2021,0.421518319020856
881,887,25-Apr-2021,01-May-2021,0.435781805183275
882,888,26-Apr-2021,02-May-2021,0.173205569463569
883,889,27-Apr-2021,03-May-2021,0.152300380169632
884,890,28-Apr-2021,04-May-2021,0.264952929069128
885,891,29-Apr-2021,05-May-2021,0.522396219263764
886,892,30-Apr-2021,06-May-2021,0.689400605240988
887,893,01-May-2021,07-May-2021,0.778560698421179
888,894,02-May-2021,08-May-2021,0.673508245117477
889,895,03-May-2021,09-May-2021,0.752990673071948
890,896,04-May-2021,10-May-2021,0.833727722792817
891,897,05-May-2021,11-May-2021,0.787701954533901
892,898,06-May-2021,12-May-2021,0.606759257967223
893,899,07-May-2021,13-May-2021,0.294339434696633
894,900,08-May-2021,14-May-2021,0.147278807920514
895,901,09-May-2021,15-May-2021,0.16953297222371
896,902,10-May-2021,16-May-2021,0.511119162705299
897,903,11-May-2021,17-May-2021,0.298024241382743
898,904,12-May-2021,18-May-2021,0.32968392326069
899,905,13-May-2021,19-May-2021,0.31687710898337
900,906,14-May-2021,20-May-2021,0.26532908761475
901,907,15-May-2021,21-May-2021,0.177979953469622
902,908,16-May-2021,22-May-2021,0.692437967094341
903,909,17-May-2021,23-May-2021,0.388574896772455
904,910,18-May-2021,24-May-2021,0.145234744270771
905,911,19-May-2021,25-May-2021,0.175098592194015
906,912,20-May-2021,26-May-2021,0.208281011702279
907,913,21-May-2021,27-May-2021,0.388541392127982
908,914,22-May-2021,28-May-2021,0.343473557803097
909,915,23-May-2021,29-May-2021,0.294636817685666
910,916,24-May-2021,30-May-2021,0.204830918900611
911,917,25-May-2021,31-May-2021,0.297762920189539
912,918,26-May-2021,01-Jun-2021,0.290651270364824
913,919,27-May-2021,02-Jun-2021,0.129643618127806
914,920,28-May-2021,03-Jun-2021,0.360635145879501
915,921,29-May-2021,04-Jun-2021,0.335035330927858
916,922,30-May-2021,05-Jun-2021,0.549569941714469
917,923,31-May-2021,06-Jun-2021,0.80044593865135
920,924,03-Jun-2021,09-Jun-2021,0.418980504363128
921,925,04-Jun-2021,10-Jun-2021,0.361017867525788
922,926,05-Jun-2021,11-Jun-2021,0.337285189386422
923,927,06-Jun-2021,12-Jun-2021,0.535461137078403
924,930,09-Jun-2021,15-Jun-2021,0.505937569133107
925,931,10-Jun-2021,16-Jun-2021,0.181095734318141
926,932,11-Jun-2021,17-Jun-2021,0.236756958828519
927,933,12-Jun-2021,18-Jun-2021,0.216374712817458
928,934,13-Jun-2021,19-Jun-2021,0.198162979322765
929,935,14-Jun-2021,20-Jun-2021,0.1138463950723
930,936,15-Jun-2021,21-Jun-2021,0.215613708733282
931,937,16-Jun-2021,22-Jun-2021,0.136097932793073
933,938,18-Jun-2021,24-Jun-2021,0.425276065048925
934,939,19-Jun-2021,25-Jun-2021,0.602178388057138
935,940,20-Jun-2021,26-Jun-2021,0.445827912883798
936,941,21-Jun-2021,27-Jun-2021,0.640727327475178
937,942,22-Jun-2021,28-Jun-2021,0.68181229405813
938,944,24-Jun-2021,30-Jun-2021,0.181412919339797
939,945,25-Jun-2021,01-Jul-2021,0.32939646893403
940,946,26-Jun-2021,02-Jul-2021,0.29753711535204
941,947,27-Jun-2021,03-Jul-2021,0.30059653219119
942,948,28-Jun-2021,04-Jul-2021,0.326508194488083
943,949,29-Jun-2021,05-Jul-2021,0.327778025690914
944,950,30-Jun-2021,06-Jul-2021,0.349369465798442
945,951,01-Jul-2021,07-Jul-2021,0.601927719478682
946,952,02-Jul-2021,08-Jul-2021,0.3879966712229
947,953,03-Jul-2021,09-Jul-2021,0.231719011187534
948,954,04-Jul-2021,10-Jul-2021,0.208074766360615
949,955,05-Jul-2021,11-Jul-2021,0.308666167434471
950,956,06-Jul-2021,12-Jul-2021,0.435553878197888
951,957,07-Jul-2021,13-Jul-2021,0.275332110554128
952,958,08-Jul-2021,14-Jul-2021,0.377253429988866
953,959,09-Jul-2021,15-Jul-2021,0.413549884484384
954,960,10-Jul-2021,16-Jul-2021,0.301090573281657
955,961,11-Jul-2021,17-Jul-2021,0.170831502612078
956,962,12-Jul-2021,18-Jul-2021,0.255505467109357
957,963,13-Jul-2021,19-Jul-2021,0.465783805805364
958,964,14-Jul-2021,20-Jul-2021,0.599075248779984
959,965,15-Jul-2021,21-Jul-2021,0.258681891378855
960,966,16-Jul-2021,22-Jul-2021,0.122003249497625
961,967,17-Jul-2021,23-Jul-2021,0.153945978478185
962,968,18-Jul-2021,24-Jul-2021,0.0871608952710038
963,969,19-Jul-2021,25-Jul-2021,0.184060412656446
964,970,20-Jul-2021,26-Jul-2021,0.120358260812249
965,971,21-Jul-2021,27-Jul-2021,0.25652007852107
966,972,22-Jul-2021,28-Jul-2021,0.128183161572613
967,973,23-Jul-2021,29-Jul-2021,0.421634466569672
968,974,24-Jul-2021,30-Jul-2021,0.528867258339017
969,975,25-Jul-2021,31-Jul-2021,0.500425591311416
970,976,26-Jul-2021,01-Aug-2021,0.436569361637159
971,977,27-Jul-2021,02-Aug-2021,0.340229113487221
972,978,28-Jul-2021,03-Aug-2021,0.623357422097748
973,979,29-Jul-2021,04-Aug-2021,0.141031762831031
974,980,30-Jul-2021,05-Aug-2021,0.290082917125785
975,981,31-Jul-2021,06-Aug-2021,0.0655418324523792
976,982,01-Aug-2021,07-Aug-2021,0.155438364595138
977,983,02-Aug-2021,08-Aug-2021,0.0976627335205411
978,984,03-Aug-2021,09-Aug-2021,0.107890020992093
979,985,04-Aug-2021,10-Aug-2021,0.113982821705098
980,986,05-Aug-2021,11-Aug-2021,0.203125413890651
981,987,06-Aug-2021,12-Aug-2021,0.307487704008141
982,988,07-Aug-2021,13-Aug-2021,0.608775051769839
983,989,08-Aug-2021,14-Aug-2021,0.971442108815281
986,990,11-Aug-2021,17-Aug-2021,0.691301517279578
987,991,12-Aug-2021,18-Aug-2021,0.664361390598113
988,992,13-Aug-2021,19-Aug-2021,0.395343539533188
989,993,14-Aug-2021,20-Aug-2021,0.873064609528509
991,994,18-Aug-2021,24-Aug-2021,0.447875260582056
992,995,19-Aug-2021,25-Aug-2021,0.723029175404395
993,996,20-Aug-2021,26-Aug-2021,0.22296037348465
994,1000,24-Aug-2021,30-Aug-2021,0.164386783344056
995,1001,25-Aug-2021,31-Aug-2021,0.258210134499187
996,1002,26-Aug-2021,01-Sep-2021,0.193747326129306
997,1003,27-Aug-2021,02-Sep-2021,0.389566269838693
998,1004,28-Aug-2021,03-Sep-2021,0.542354548531137
999,1005,29-Aug-2021,04-Sep-2021,0.416012602836402
1000,1006,30-Aug-2021,05-Sep-2021,0.126704809787557
1001,1007,31-Aug-2021,06-Sep-2021,0.351907772119612
1002,1008,01-Sep-2021,07-Sep-2021,0.087494367322553
1003,1009,02-Sep-2021,08-Sep-2021,0.0926745010221987
1004,1010,03-Sep-2021,09-Sep-2021,0.512242121575143
1005,1011,04-Sep-2021,10-Sep-2021,0.389318201217558
1006,1012,05-Sep-2021,11-Sep-2021,0.228761882043051
1007,1013,06-Sep-2021,12-Sep-2021,0.278027418473617
1008,1014,07-Sep-2021,13-Sep-2021,0.504077490026943
1009,1015,08-Sep-2021,14-Sep-2021,0.655029940454842
1010,1016,09-Sep-2021,15-Sep-2021,0.172957457530446
1012,1017,11-Sep-2021,17-Sep-2021,0.373817631652786
1013,1018,12-Sep-2021,18-Sep-2021,0.452325544068344
1014,1019,13-Sep-2021,19-Sep-2021,0.62902452371635
1015,1020,14-Sep-2021,20-Sep-2021,0.66321687073804
1016,1021,15-Sep-2021,21-Sep-2021,0.243994480788428
1017,1023,17-Sep-2021,23-Sep-2021,0.583978611021258
1018,1024,18-Sep-2021,24-Sep-2021,0.125350321324429
1019,1025,19-Sep-2021,25-Sep-2021,0.180215354440076
1020,1026,20-Sep-2021,26-Sep-2021,0.467108780840299
1021,1027,21-Sep-2021,27-Sep-2021,0.845210681164857
1022,1028,22-Sep-2021,28-Sep-2021,0.593654104612523
1023,1029,23-Sep-2021,29-Sep-2021,0.438258864505065
1024,1030,24-Sep-2021,30-Sep-2021,0.304886808810397
1025,1031,25-Sep-2021,01-Oct-2021,0.197526683247824
1026,1032,26-Sep-2021,02-Oct-2021,0.812221311311529
1027,1033,27-Sep-2021,03-Oct-2021,0.786536841936282
1028,1034,28-Sep-2021,04-Oct-2021,0.631914684482191
1029,1035,29-Sep-2021,05-Oct-2021,0.254875863217352
1030,1036,30-Sep-2021,06-Oct-2021,0.711373506637536
1031,1037,01-Oct-2021,07-Oct-2021,0.437542733373852
1032,1038,02-Oct-2021,08-Oct-2021,0.77984511409831
1033,1039,03-Oct-2021,09-Oct-2021,0.16339084378753
1034,1040,04-Oct-2021,10-Oct-2021,0.269087813853475
1035,1041,05-Oct-2021,11-Oct-2021,0.282846426522407
1036,1042,06-Oct-2021,12-Oct-2021,0.870167736420797
1037,1043,07-Oct-2021,13-Oct-2021,0.76193102811836
1038,1044,08-Oct-2021,14-Oct-2021,0.808618678738012
1039,1045,09-Oct-2021,15-Oct-2021,0.195295324219724
1040,1046,10-Oct-2021,16-Oct-2021,0.370635960204872
1041,1047,11-Oct-2021,17-Oct-2021,0.132513320185124
1042,1048,12-Oct-2021,18-Oct-2021,0.664571576514343
1043,1049,13-Oct-2021,19-Oct-2021,0.753810227172917
1044,1050,14-Oct-2021,20-Oct-2021,0.72501228757956
1045,1051,15-Oct-2021,21-Oct-2021,0.480231775115663
1046,1052,16-Oct-2021,22-Oct-2021,0.555831558561458
1047,1053,17-Oct-2021,23-Oct-2021,0.979012492511066
1054,1060,01-Dec-2021,07-Dec-2021,0.512154261865773
1055,1061,02-Dec-2021,08-Dec-2021,0.192434726540085
1056,1062,03-Dec-2021,09-Dec-2021,0.344010783341125
1057,1063,04-Dec-2021,10-Dec-2021,0.155085499324275
1058,1064,05-Dec-2021,11-Dec-2021,0.194428645390957
1059,1065,06-Dec-2021,12-Dec-2021,0.392257238019078
1060,1066,07-Dec-2021,13-Dec-2021,0.482408393516111
1061,1067,08-Dec-2021,14-Dec-2021,0.111228248818971
1062,1068,09-Dec-2021,15-Dec-2021,0.229970470053915
1063,1069,10-Dec-2021,16-Dec-2021,0.173689801273138
1064,1070,11-Dec-2021,17-Dec-2021,0.112761042381779
1065,1071,12-Dec-2021,18-Dec-2021,0.45206443674443
1066,1072,13-Dec-2021,19-Dec-2021,0.356900989613804
1067,1073,14-Dec-2021,20-Dec-2021,0.151943699749267
1068,1074,15-Dec-2021,21-Dec-2021,0.187777399043851
1069,1075,16-Dec-2021,22-Dec-2021,0.11545084231904
1070,1076,17-Dec-2021,23-Dec-2021,0.218422678125643
1071,1077,18-Dec-2021,24-Dec-2021,0.269117147590309
1072,1078,19-Dec-2021,25-Dec-2021,0.331448886617102
1073,1079,20-Dec-2021,26-Dec-2021,0.0760279807721441
1074,1080,21-Dec-2021,27-Dec-2021,0.235200531823207
1075,1081,22-Dec-2021,28-Dec-2021,0.0949705698071138
1076,1082,23-Dec-2021,29-Dec-2021,0.244837898608873
1077,1083,24-Dec-2021,30-Dec-2021,0.497114504989667
1078,1084,25-Dec-2021,31-Dec-2021,0.330171796607595
1079,1085,26-Dec-2021,01-Jan-2022,0.134234949118432
1080,1086,27-Dec-2021,02-Jan-2022,0.237390275281489
1081,1087,28-Dec-2021,03-Jan-2022,0.092592630233905
1082,1088,29-Dec-2021,04-Jan-2022,0.1446135759113
1083,1089,30-Dec-2021,05-Jan-2022,0.473185953874734
1084,1090,31-Dec-2021,06-Jan-2022,0.259356629321969
1085,1091,01-Jan-2022,07-Jan-2022,0.241999251238728
1086,1092,02-Jan-2022,08-Jan-2022,0.259843091357942
1087,1093,03-Jan-2022,09-Jan-2022,0.244776736617678
1088,1094,04-Jan-2022,10-Jan-2022,0.140175141333908
1089,1095,05-Jan-2022,11-Jan-2022,0.222669846837706
1090,1096,06-Jan-2022,12-Jan-2022,0.178266968532569
1091,1097,07-Jan-2022,13-Jan-2022,0.268242018397385
1092,1098,08-Jan-2022,14-Jan-2022,0.266637448849015
1093,1099,09-Jan-2022,15-Jan-2022,0.333805377135905
1094,1100,10-Jan-2022,16-Jan-2022,0.450543881746691
1095,1101,11-Jan-2022,17-Jan-2022,0.452156594510398
1096,1102,12-Jan-2022,18-Jan-2022,0.439519844645475
1097,1103,13-Jan-2022,19-Jan-2022,0.490145036656842
1098,1104,14-Jan-2022,20-Jan-2022,0.149603441106488
1099,1105,15-Jan-2022,21-Jan-2022,0.282020531018912
1100,1106,16-Jan-2022,22-Jan-2022,0.397510859616586
1101,1107,17-Jan-2022,23-Jan-2022,0.203024247279009
1103,1108,19-Jan-2022,25-Jan-2022,0.323041012111685
1104,1109,20-Jan-2022,26-Jan-2022,0.084575040274012
1105,1110,21-Jan-2022,27-Jan-2022,0.191822484986584
1106,1111,22-Jan-2022,28-Jan-2022,0.0855919408886341
1107,1112,23-Jan-2022,29-Jan-2022,0.480871507600662
1108,1114,25-Jan-2022,31-Jan-2022,0.223743470210828
1109,1115,26-Jan-2022,01-Feb-2022,0.110840963935864
1110,1116,27-Jan-2022,02-Feb-2022,0.113306912697497
1111,1117,28-Jan-2022,03-Feb-2022,0.39520741772808
1112,1118,29-Jan-2022,04-Feb-2022,0.67496569195098
1113,1119,30-Jan-2022,05-Feb-2022,0.44894619405013
1114,1120,31-Jan-2022,06-Feb-2022,0.202498042001933
1115,1121,01-Feb-2022,07-Feb-2022,0.107662139872022
1116,1122,02-Feb-2022,08-Feb-2022,0.167383529492232
1117,1123,03-Feb-2022,09-Feb-2022,0.245040790659524
1118,1124,04-Feb-2022,10-Feb-2022,0.587247140041524
1119,1125,05-Feb-2022,11-Feb-2022,0.441429427323644
1120,1126,06-Feb-2022,12-Feb-2022,0.291137597267674
1121,1127,07-Feb-2022,13-Feb-2022,0.144978124230467
1122,1128,08-Feb-2022,14-Feb-2022,0.329986233958425
1123,1129,09-Feb-2022,15-Feb-2022,0.320351105664802
1124,1130,10-Feb-2022,16-Feb-2022,0.173311174074837
1125,1131,11-Feb-2022,17-Feb-2022,0.182553447695906
1126,1132,12-Feb-2022,18-Feb-2022,0.23521219363351
1127,1133,13-Feb-2022,19-Feb-2022,0.140699773090558
1128,1134,14-Feb-2022,20-Feb-2022,0.15556160061792
1129,1135,15-Feb-2022,21-Feb-2022,0.0762300986182103
1130,1136,16-Feb-2022,22-Feb-2022,0.0847992791154109
1131,1137,17-Feb-2022,23-Feb-2022,0.105267221161581
1132,1138,18-Feb-2022,24-Feb-2022,0.0527251050406569
1133,1139,19-Feb-2022,25-Feb-2022,0.180062307221407
1134,1140,20-Feb-2022,26-Feb-2022,0.121900248548125
1135,1141,21-Feb-2022,27-Feb-2022,0.111807153816684
1136,1142,22-Feb-2022,28-Feb-2022,0.100942077485067
1137,1143,23-Feb-2022,01-Mar-2022,0.139873268433702
1138,1144,24-Feb-2022,02-Mar-2022,0.0869929043120849
1139,1145,25-Feb-2022,03-Mar-2022,0.0791285918483445
1140,1146,26-Feb-2022,04-Mar-2022,0.0794848114468699
1141,1147,27-Feb-2022,05-Mar-2022,0.210504061161751
1142,1148,28-Feb-2022,06-Mar-2022,0.177203423732081
1143,1149,01-Mar-2022,07-Mar-2022,0.170078423190856
1144,1150,02-Mar-2022,08-Mar-2022,0.132214313386006
1145,1151,03-Mar-2022,09-Mar-2022,0.145774553596764
1146,1152,04-Mar-2022,10-Mar-2022,0.145984292546382
1147,1153,05-Mar-2022,11-Mar-2022,0.19816415982038
1148,1154,06-Mar-2022,12-Mar-2022,0.177892312581663
1149,1155,07-Mar-2022,13-Mar-2022,0.416464561681755
1150,1156,08-Mar-2022,14-Mar-2022,0.582701090241029
1151,1157,09-Mar-2022,15-Mar-2022,0.583898688354728
1152,1158,10-Mar-2022,16-Mar-2022,0.616036002772029
1153,1159,11-Mar-2022,17-Mar-2022,0.408637326411764
1154,1160,12-Mar-2022,18-Mar-2022,0.444794147786069
1155,1161,13-Mar-2022,19-Mar-2022,0.150415751815841
1156,1162,14-Mar-2022,20-Mar-2022,0.413487181218472
1157,1163,15-Mar-2022,21-Mar-2022,0.519406715582739
1158,1164,16-Mar-2022,22-Mar-2022,0.696143400423852
1159,1165,17-Mar-2022,23-Mar-2022,0.476455464841153
1160,1166,18-Mar-2022,24-Mar-2022,0.578587427789335
1161,1167,19-Mar-2022,25-Mar-2022,0.552705129638352
1162,1168,20-Mar-2022,26-Mar-2022,0.322877456708827
1163,1169,21-Mar-2022,27-Mar-2022,0.292417655577768
1164,1170,22-Mar-2022,28-Mar-2022,0.523437658563338
1165,1171,23-Mar-2022,29-Mar-2022,0.625127010648774
1166,1172,24-Mar-2022,30-Mar-2022,0.646045549577303
1167,1173,25-Mar-2022,31-Mar-2022,0.647018027628077
1168,1174,26-Mar-2022,01-Apr-2022,0.549579183671841
1169,1175,27-Mar-2022,02-Apr-2022,0.496715246277568
1170,1176,28-Mar-2022,03-Apr-2022,0.354103180859604
1171,1177,29-Mar-2022,04-Apr-2022,0.140444537471622
1172,1178,30-Mar-2022,05-Apr-2022,0.115859969667987
1173,1179,31-Mar-2022,06-Apr-2022,0.121017783135166
1174,1180,01-Apr-2022,07-Apr-2022,0.370507699762277
1175,1181,02-Apr-2022,08-Apr-2022,0.298597807699153
1176,1182,03-Apr-2022,09-Apr-2022,0.421804436290687
1177,1183,04-Apr-2022,10-Apr-2022,0.520249091947179
1178,1184,05-Apr-2022,11-Apr-2022,0.192124894412894
1179,1185,06-Apr-2022,12-Apr-2022,0.222728181118857
1180,1186,07-Apr-2022,13-Apr-2022,0.163715210465571
1181,1187,08-Apr-2022,14-Apr-2022,0.246072429391483
1182,1188,09-Apr-2022,15-Apr-2022,0.45062054218572
1183,1189,10-Apr-2022,16-Apr-2022,0.658784389026933
1184,1190,11-Apr-2022,17-Apr-2022,0.315978777214876
1185,1191,12-Apr-2022,18-Apr-2022,0.461785269770892
1186,1192,13-Apr-2022,19-Apr-2022,0.48124907425022
1187,1193,14-Apr-2022,20-Apr-2022,0.318627732931713
1188,1194,15-Apr-2022,21-Apr-2022,0.264815033457215
1189,1195,16-Apr-2022,22-Apr-2022,0.411750610966378
1190,1196,17-Apr-2022,23-Apr-2022,0.290878760459374
1191,1197,18-Apr-2022,24-Apr-2022,0.33959355891246
1192,1198,19-Apr-2022,25-Apr-2022,0.252441238608787
1193,1199,20-Apr-2022,26-Apr-2022,0.389562530275172
1194,1200,21-Apr-2022,27-Apr-2022,0.267264164119979
1195,1201,22-Apr-2022,28-Apr-2022,0.384836580561808
1196,1202,23-Apr-2022,29-Apr-2022,0.446334325776475
1197,1203,24-Apr-2022,30-Apr-2022,0.272234079644979
1198,1204,25-Apr-2022,01-May-2022,0.510935589603
1199,1205,26-Apr-2022,02-May-2022,0.268783538051771
1200,1206,27-Apr-2022,03-May-2022,0.426772077068361
1201,1207,28-Apr-2022,04-May-2022,0.282485648876061
1202,1208,29-Apr-2022,05-May-2022,0.229152303607169
1203,1209,30-Apr-2022,06-May-2022,0.21982952102713
1204,1210,01-May-2022,07-May-2022,0.16193982462555
1205,1211,02-May-2022,08-May-2022,0.233916884886939
1206,1212,03-May-2022,09-May-2022,0.305453298563583
1207,1213,04-May-2022,10-May-2022,0.274099630997006
1208,1214,05-May-2022,11-May-2022,0.261815751999598
1209,1215,06-May-2022,12-May-2022,0.212043462310483
1210,1216,07-May-2022,13-May-2022,0.425371597179881
1211,1217,08-May-2022,14-May-2022,0.402319759804424
1212,1218,09-May-2022,15-May-2022,0.562791367925101
1213,1219,10-May-2022,16-May-2022,0.401095717836168
1214,1220,11-May-2022,17-May-2022,0.382619152207953
1215,1221,12-May-2022,18-May-2022,0.412942435837763
1216,1222,13-May-2022,19-May-2022,0.313144712117239
1217,1223,14-May-2022,20-May-2022,0.291449407498299
1218,1224,15-May-2022,21-May-2022,0.274539355719207
1219,1225,16-May-2022,22-May-2022,0.23451428051759
1220,1226,17-May-2022,23-May-2022,0.281633453709124
1221,1227,18-May-2022,24-May-2022,0.227389007236793
1222,1228,19-May-2022,25-May-2022,0.269368056289769
1223,1229,20-May-2022,26-May-2022,0.264886537553411
1224,1230,21-May-2022,27-May-2022,0.172079679761573
1225,1231,22-May-2022,28-May-2022,0.371256183239546
1226,1232,23-May-2022,29-May-2022,0.221621957126817
1227,1233,24-May-2022,30-May-2022,0.21804944382769
1228,1234,25-May-2022,31-May-2022,0.103690776265747
1229,1235,26-May-2022,01-Jun-2022,0.238512316979859
1230,1236,27-May-2022,02-Jun-2022,0.276547947686282
1231,1237,28-May-2022,03-Jun-2022,0.510255836715112
1232,1238,29-May-2022,04-Jun-2022,0.152029650682845
1236,1239,02-Jun-2022,08-Jun-2022,0.617940795454248
1237,1240,03-Jun-2022,09-Jun-2022,0.513658009781166
1238,1241,04-Jun-2022,10-Jun-2022,0.177873222838842
1239,1245,08-Jun-2022,14-Jun-2022,0.73834607154852
1240,1246,09-Jun-2022,15-Jun-2022,0.627407731851861
1241,1247,10-Jun-2022,16-Jun-2022,0.507824467629342
1242,1248,11-Jun-2022,17-Jun-2022,0.224874454670631
1243,1249,12-Jun-2022,18-Jun-2022,0.307364845308641
1244,1250,13-Jun-2022,19-Jun-2022,0.122638967676919
1245,1251,14-Jun-2022,20-Jun-2022,0.172834414416607
1246,1252,15-Jun-2022,21-Jun-2022,0.0846410169328741
1247,1253,16-Jun-2022,22-Jun-2022,0.0984325413337452
1248,1254,17-Jun-2022,23-Jun-2022,0.110314524510074
1249,1255,18-Jun-2022,24-Jun-2022,0.538524332417685
1250,1256,19-Jun-2022,25-Jun-2022,0.476938424042422
1251,1257,20-Jun-2022,26-Jun-2022,0.255485119750164
1252,1258,21-Jun-2022,27-Jun-2022,0.191336497498428
1253,1259,22-Jun-2022,28-Jun-2022,0.527006043280186
1254,1260,23-Jun-2022,29-Jun-2022,0.861029174388431
1262,1267,14-Jul-2022,20-Jul-2022,0.662954171338548
1263,1268,15-Jul-2022,21-Jul-2022,0.713989095787985
1267,1270,20-Jul-2022,26-Jul-2022,0.390948926784169
1268,1271,21-Jul-2022,27-Jul-2022,0.152838433780067
1269,1275,25-Jul-2022,31-Jul-2022,0.941344205442891
1270,1276,26-Jul-2022,01-Aug-2022,0.938156748904905
1271,1277,27-Jul-2022,02-Aug-2022,0.829987032119684
1272,1278,28-Jul-2022,03-Aug-2022,0.589500414736421
1273,1279,29-Jul-2022,04-Aug-2022,0.285497465047956
1274,1280,30-Jul-2022,05-Aug-2022,0.254684611682238
1275,1281,31-Jul-2022,06-Aug-2022,0.585950122679681
1276,1282,01-Aug-2022,07-Aug-2022,0.700758037986727
1277,1283,02-Aug-2022,08-Aug-2022,0.584259391534706
1278,1284,03-Aug-2022,09-Aug-2022,0.36003579288551
1279,1285,04-Aug-2022,10-Aug-2022,0.20922887287502
1280,1286,05-Aug-2022,11-Aug-2022,0.414895097873672
1281,1287,06-Aug-2022,12-Aug-2022,0.186994069144948
1282,1288,07-Aug-2022,13-Aug-2022,0.243222138480905
1283,1289,08-Aug-2022,14-Aug-2022,0.11358095417618
1284,1290,09-Aug-2022,15-Aug-2022,0.220769139856414
1285,1291,10-Aug-2022,16-Aug-2022,0.212243587307984
1286,1292,11-Aug-2022,17-Aug-2022,0.222992802670555
1287,1293,12-Aug-2022,18-Aug-2022,0.218474300495194
1288,1294,13-Aug-2022,19-Aug-2022,0.177288826943646
1289,1295,14-Aug-2022,20-Aug-2022,0.162409533963305
1290,1296,15-Aug-2022,21-Aug-2022,0.345532621152684
1291,1297,16-Aug-2022,22-Aug-2022,0.416148582757718
1292,1298,17-Aug-2022,23-Aug-2022,0.616873637347079
1293,1299,18-Aug-2022,24-Aug-2022,0.23047124214658
1295,1300,20-Aug-2022,26-Aug-2022,0.598649905718884
1296,1301,21-Aug-2022,27-Aug-2022,0.363549601449408
1297,1302,22-Aug-2022,28-Aug-2022,0.408805273309762
1298,1303,23-Aug-2022,29-Aug-2022,0.649641223863268
1299,1304,24-Aug-2022,30-Aug-2022,0.384066766556757
1300,1306,26-Aug-2022,01-Sep-2022,0.429013275139551
1301,1307,27-Aug-2022,02-Sep-2022,0.13058462097978
1302,1308,28-Aug-2022,03-Sep-2022,0.238155817605353
1303,1309,29-Aug-2022,04-Sep-2022,0.126123384087561
1304,1310,30-Aug-2022,05-Sep-2022,0.202177645424485
1305,1311,31-Aug-2022,06-Sep-2022,0.149057775716002
1306,1312,01-Sep-2022,07-Sep-2022,0.17507455582187
1307,1313,02-Sep-2022,08-Sep-2022,0.233015937188683
1308,1314,03-Sep-2022,09-Sep-2022,0.384549019669973
1309,1315,04-Sep-2022,10-Sep-2022,0.128960772112431
1310,1316,05-Sep-2022,11-Sep-2022,0.372357454513621
1311,1317,06-Sep-2022,12-Sep-2022,0.137865886188766
1312,1318,07-Sep-2022,13-Sep-2022,0.508151867277546
1313,1319,08-Sep-2022,14-Sep-2022,0.529817752586456
1314,1320,09-Sep-2022,15-Sep-2022,0.311692640597266
1315,1321,10-Sep-2022,16-Sep-2022,0.298270803431778
1316,1322,11-Sep-2022,17-Sep-2022,0.336714652559065
1317,1323,12-Sep-2022,18-Sep-2022,0.237744008358795
1318,1324,13-Sep-2022,19-Sep-2022,0.405391915811648
1319,1325,14-Sep-2022,20-Sep-2022,0.865387783821255
1320,1326,15-Sep-2022,21-Sep-2022,0.573856533925795
1321,1327,16-Sep-2022,22-Sep-2022,0.360485730414236
1322,1328,17-Sep-2022,23-Sep-2022,0.536127709815374
1323,1329,18-Sep-2022,24-Sep-2022,0.393814385296248
1324,1330,19-Sep-2022,25-Sep-2022,0.438917276914767
1325,1331,20-Sep-2022,26-Sep-2022,0.412863132397229
1326,1332,21-Sep-2022,27-Sep-2022,0.148834627995555
1327,1333,22-Sep-2022,28-Sep-2022,0.15393098915528
1328,1334,23-Sep-2022,29-Sep-2022,0.391968078166366
1329,1335,24-Sep-2022,30-Sep-2022,0.534496277574426
1330,1336,25-Sep-2022,01-Oct-2022,0.632693590186694
1331,1337,26-Sep-2022,02-Oct-2022,0.573173043123198
1332,1338,27-Sep-2022,03-Oct-2022,0.626176468042149
1333,1339,28-Sep-2022,04-Oct-2022,0.209761692602685
1334,1340,29-Sep-2022,05-Oct-2022,0.44600778522584
1335,1341,30-Sep-2022,06-Oct-2022,0.234096819813941
1336,1342,01-Oct-2022,07-Oct-2022,0.499542096846733
1337,1343,02-Oct-2022,08-Oct-2022,0.434409655609361
1338,1344,03-Oct-2022,09-Oct-2022,0.239404278732598
1339,1345,04-Oct-2022,10-Oct-2022,0.174121699670067
1340,1346,05-Oct-2022,11-Oct-2022,0.219837040646306
1341,1347,06-Oct-2022,12-Oct-2022,0.25598640517035
1342,1348,07-Oct-2022,13-Oct-2022,0.655239475411003
1343,1349,08-Oct-2022,14-Oct-2022,0.775120944353375
1344,1350,09-Oct-2022,15-Oct-2022,0.582181421696184
1345,1351,10-Oct-2022,16-Oct-2022,0.371861166088359
1346,1352,11-Oct-2022,17-Oct-2022,0.15094304497679
1347,1353,12-Oct-2022,18-Oct-2022,0.191857539796383
1348,1354,13-Oct-2022,19-Oct-2022,0.396172902184805
1349,1355,14-Oct-2022,20-Oct-2022,0.77057979789079
1350,1356,15-Oct-2022,21-Oct-2022,0.548630672232711
1351,1357,16-Oct-2022,22-Oct-2022,0.638392584066871
1352,1358,17-Oct-2022,23-Oct-2022,0.741365576562975
1353,1359,18-Oct-2022,24-Oct-2022,0.253867939820823
1354,1360,19-Oct-2022,25-Oct-2022,0.301029310734618
1355,1361,20-Oct-2022,26-Oct-2022,0.792048105097295
1356,1362,21-Oct-2022,27-Oct-2022,0.642374237511162
1357,1363,22-Oct-2022,28-Oct-2022,0.300816823354036
1358,1364,23-Oct-2022,29-Oct-2022,0.145647705615666
1359,1365,24-Oct-2022,30-Oct-2022,0.494027991212057
1360,1366,25-Oct-2022,31-Oct-2022,0.445152388412273
1361,1367,26-Oct-2022,01-Nov-2022,0.859515055493083
1368,1374,09-Nov-2022,15-Nov-2022,0.155967976519404
1369,1375,10-Nov-2022,16-Nov-2022,0.300828225798988
1370,1376,11-Nov-2022,17-Nov-2022,0.592809720666846
1371,1377,12-Nov-2022,18-Nov-2022,0.249334922034462
1372,1378,13-Nov-2022,19-Nov-2022,0.174821024147385
1373,1379,14-Nov-2022,20-Nov-2022,0.544246627441672
1374,1380,15-Nov-2022,21-Nov-2022,0.153869156806447
1375,1381,16-Nov-2022,22-Nov-2022,0.369609253297182
1376,1382,17-Nov-2022,23-Nov-2022,0.109736230581402
1377,1383,18-Nov-2022,24-Nov-2022,0.256765737407544
1378,1384,19-Nov-2022,25-Nov-2022,0.180515191095434
1379,1385,20-Nov-2022,26-Nov-2022,0.469159272142362
1380,1386,21-Nov-2022,27-Nov-2022,0.0991314395791738
1381,1387,22-Nov-2022,28-Nov-2022,0.363456221907452
1382,1388,23-Nov-2022,29-Nov-2022,0.0962343202415576
1383,1389,24-Nov-2022,30-Nov-2022,0.103642568716134
1384,1390,25-Nov-2022,01-Dec-2022,0.158843628220514
1385,1391,26-Nov-2022,02-Dec-2022,0.122259540167023
1386,1392,27-Nov-2022,03-Dec-2022,0.177152431220451
1387,1393,28-Nov-2022,04-Dec-2022,0.215596057677704
1388,1394,29-Nov-2022,05-Dec-2022,0.445436156552398
1389,1395,30-Nov-2022,06-Dec-2022,0.277041328132904
1390,1396,01-Dec-2022,07-Dec-2022,0.622547132927616
1391,1397,02-Dec-2022,08-Dec-2022,0.461795456390685
1392,1398,03-Dec-2022,09-Dec-2022,0.129080864336407
1393,1399,04-Dec-2022,10-Dec-2022,0.388175996152994
1394,1400,05-Dec-2022,11-Dec-2022,0.623882583620836
1395,1401,06-Dec-2022,12-Dec-2022,0.221589035939743
1396,1402,07-Dec-2022,13-Dec-2022,0.668145865219365
1397,1403,08-Dec-2022,14-Dec-2022,0.216543368300965
1398,1404,09-Dec-2022,15-Dec-2022,0.561028246143376
1399,1405,10-Dec-2022,16-Dec-2022,0.58991939635983
1400,1406,11-Dec-2022,17-Dec-2022,0.491402375813338
1401,1407,12-Dec-2022,18-Dec-2022,0.148634551760369
1402,1408,13-Dec-2022,19-Dec-2022,0.0968894939346936
1403,1409,14-Dec-2022,20-Dec-2022,0.375296461112005
1404,1410,15-Dec-2022,21-Dec-2022,0.224982620076571
1405,1411,16-Dec-2022,22-Dec-2022,0.13351660702948
1406,1412,17-Dec-2022,23-Dec-2022,0.245797326014034
1407,1413,18-Dec-2022,24-Dec-2022,0.301914177270208
1408,1414,19-Dec-2022,25-Dec-2022,0.219123602233371
1409,1415,20-Dec-2022,26-Dec-2022,0.3288525461821
1410,1416,21-Dec-2022,27-Dec-2022,0.167355670048836
1411,1417,22-Dec-2022,28-Dec-2022,0.229760856969592
1412,1418,23-Dec-2022,29-Dec-2022,0.694367501055306
1413,1419,24-Dec-2022,30-Dec-2022,0.508760777670714
1414,1420,25-Dec-2022,31-Dec-2022,0.350577371957121
1415,1421,26-Dec-2022,01-Jan-2023,0.140316418398224
1416,1422,27-Dec-2022,02-Jan-2023,0.28732324811583
1417,1423,28-Dec-2022,03-Jan-2023,0.104026463755616
1424,1430,21-Apr-2023,27-Apr-2023,0.260142447624323
1425,1431,22-Apr-2023,28-Apr-2023,0.332835905227842
1426,1432,23-Apr-2023,29-Apr-2023,0.360105087175399
1427,1433,24-Apr-2023,30-Apr-2023,0.639366851356277
1428,1434,25-Apr-2023,01-May-2023,0.223199244983784
1429,1435,26-Apr-2023,02-May-2023,0.175815741952322
1430,1436,27-Apr-2023,03-May-2023,0.0977937309980921
1431,1437,28-Apr-2023,04-May-2023,0.110835149493083
1432,1438,29-Apr-2023,05-May-2023,0.226165203828137
1433,1439,30-Apr-2023,06-May-2023,0.48674965694716
1434,1440,01-May-2023,07-May-2023,0.237804089039984
1435,1441,02-May-2023,08-May-2023,0.462010636063878
1436,1442,03-May-2023,09-May-2023,0.416004177031692
1437,1443,04-May-2023,10-May-2023,0.363473763278855
1438,1444,05-May-2023,11-May-2023,0.399765527538097
1439,1445,06-May-2023,12-May-2023,0.429172461808553
1440,1446,07-May-2023,13-May-2023,0.371506587173729
1441,1447,08-May-2023,14-May-2023,0.285729487039289
1442,1448,09-May-2023,15-May-2023,0.131235679345649
1443,1449,10-May-2023,16-May-2023,0.192218081242649
1444,1450,11-May-2023,17-May-2023,0.232763827513702
1445,1451,12-May-2023,18-May-2023,0.552579622966889
1446,1452,13-May-2023,19-May-2023,0.553556845855335
1447,1453,14-May-2023,20-May-2023,0.521304236258125
1448,1454,15-May-2023,21-May-2023,0.518916014354097
1449,1455,16-May-2023,22-May-2023,0.327484721831636
1450,1456,17-May-2023,23-May-2023,0.262803225438409
1451,1457,18-May-2023,24-May-2023,0.330628802130328
1452,1458,19-May-2023,25-May-2023,0.464866359003358
1453,1459,20-May-2023,26-May-2023,0.395997261253449
1454,1460,21-May-2023,27-May-2023,0.378118998150654
1455,1461,22-May-2023,28-May-2023,0.147450219246702
1456,1462,23-May-2023,29-May-2023,0.102919579685086
1457,1463,24-May-2023,30-May-2023,0.163394280392568
1458,1464,25-May-2023,31-May-2023,0.280315592169458
1459,1465,26-May-2023,01-Jun-2023,0.232314201431092
1460,1466,27-May-2023,02-Jun-2023,0.184598478594726
1461,1467,28-May-2023,03-Jun-2023,0.621517736443412
1462,1468,29-May-2023,04-Jun-2023,0.602706568729342
1463,1469,30-May-2023,05-Jun-2023,0.450436291466868
1464,1470,31-May-2023,06-Jun-2023,0.188027848583054
1465,1471,01-Jun-2023,07-Jun-2023,0.354171784641156
1466,1472,02-Jun-2023,08-Jun-2023,0.275520277131073
1467,1473,03-Jun-2023,09-Jun-2023,0.410353755984678
1468,1474,04-Jun-2023,10-Jun-2023,0.253340088068709
1469,1475,05-Jun-2023,11-Jun-2023,0.100198747962205
1470,1476,06-Jun-2023,12-Jun-2023,0.326519566161412
1471,1477,07-Jun-2023,13-Jun-2023,0.563269889916764
1472,1478,08-Jun-2023,14-Jun-2023,0.281380661647103
1473,1479,09-Jun-2023,15-Jun-2023,0.300860875395896
1474,1480,10-Jun-2023,16-Jun-2023,0.236316165273068
1475,1481,11-Jun-2023,17-Jun-2023,0.167527243899977
1476,1482,12-Jun-2023,18-Jun-2023,0.34768542414668
1477,1483,13-Jun-2023,19-Jun-2023,0.513162060055153
1478,1484,14-Jun-2023,20-Jun-2023,0.698922941416015
1479,1485,15-Jun-2023,21-Jun-2023,0.347244064103203
1480,1486,16-Jun-2023,22-Jun-2023,0.426367740142673
1481,1487,17-Jun-2023,23-Jun-2023,0.183459221558683
1482,1488,18-Jun-2023,24-Jun-2023,0.0957014081735937
1483,1489,19-Jun-2023,25-Jun-2023,0.150781065245328
1484,1490,20-Jun-2023,26-Jun-2023,0.194800054406743
1485,1491,21-Jun-2023,27-Jun-2023,0.39312571180467
1486,1492,22-Jun-2023,28-Jun-2023,0.246098467558257
1487,1493,23-Jun-2023,29-Jun-2023,0.139650567428758
1488,1494,24-Jun-2023,30-Jun-2023,0.102308400067253
1489,1495,25-Jun-2023,01-Jul-2023,0.192043181398653
1490,1496,26-Jun-2023,02-Jul-2023,0.663446045214681
1491,1497,27-Jun-2023,03-Jul-2023,0.726649784730824
1492,1498,28-Jun-2023,04-Jul-2023,0.533907169342643
1493,1499,29-Jun-2023,05-Jul-2023,0.0947331135307821
1494,1500,30-Jun-2023,06-Jul-2023,0.157914340183831
1495,1501,01-Jul-2023,07-Jul-2023,0.255460067005641
1496,1502,02-Jul-2023,08-Jul-2023,0.321153682974183
1497,1503,03-Jul-2023,09-Jul-2023,0.363461621834447
1498,1504,04-Jul-2023,10-Jul-2023,0.227505841789877
1501,1505,07-Jul-2023,13-Jul-2023,0.311584385037829
1502,1506,08-Jul-2023,14-Jul-2023,0.273978475411348
1503,1507,09-Jul-2023,15-Jul-2023,0.299568446053992
1504,1508,10-Jul-2023,16-Jul-2023,0.263444841534375
1505,1511,13-Jul-2023,19-Jul-2023,0.262132477331442
1506,1512,14-Jul-2023,20-Jul-2023,0.399186029737012
1507,1513,15-Jul-2023,21-Jul-2023,0.272152510168206
1508,1514,16-Jul-2023,22-Jul-2023,0.157151768762429
1509,1515,17-Jul-2023,23-Jul-2023,0.0915964344598717
1510,1516,18-Jul-2023,24-Jul-2023,0.159274889017822
1511,1517,19-Jul-2023,25-Jul-2023,0.28583756937807
1512,1518,20-Jul-2023,26-Jul-2023,0.480271899115255
1513,1519,21-Jul-2023,27-Jul-2023,0.402132972054199
1514,1520,22-Jul-2023,28-Jul-2023,0.280559142037424
1515,1521,23-Jul-2023,29-Jul-2023,0.358578410675755
1516,1522,24-Jul-2023,30-Jul-2023,0.660731871774946
1517,1523,25-Jul-2023,31-Jul-2023,0.257085543649918
1524,1530,07-Aug-2023,13-Aug-2023,0.532656392972591
1525,1531,08-Aug-2023,14-Aug-2023,0.404109092232331
1526,1532,09-Aug-2023,15-Aug-2023,0.152018178000848
1527,1533,10-Aug-2023,16-Aug-2023,0.213202062233876
1528,1534,11-Aug-2023,17-Aug-2023,0.112410394775757
1529,1535,12-Aug-2023,18-Aug-2023,0.238271944635926
1530,1536,13-Aug-2023,19-Aug-2023,0.190691057765218
1531,1537,14-Aug-2023,20-Aug-2023,0.200281448177733
1532,1538,15-Aug-2023,21-Aug-2023,0.30840273174617
1533,1539,16-Aug-2023,22-Aug-2023,0.36727861581061
1534,1540,17-Aug-2023,23-Aug-2023,0.251913970564821
1535,1541,18-Aug-2023,24-Aug-2023,0.246473824960045
1536,1542,19-Aug-2023,25-Aug-2023,0.60042386470751
1537,1543,20-Aug-2023,26-Aug-2023,0.472519179936765
1538,1544,21-Aug-2023,27-Aug-2023,0.843287190483714
1539,1545,22-Aug-2023,28-Aug-2023,0.765124032094532
1540,1546,23-Aug-2023,29-Aug-2023,0.715343255762147
1541,1547,24-Aug-2023,30-Aug-2023,0.599475496194959
1542,1548,25-Aug-2023,31-Aug-2023,0.399498781897067
1543,1549,26-Aug-2023,01-Sep-2023,0.506657715666286
1544,1550,27-Aug-2023,02-Sep-2023,0.388605726316311
1545,1551,28-Aug-2023,03-Sep-2023,0.49521225626411
1546,1552,29-Aug-2023,04-Sep-2023,0.236730825642323
1547,1553,30-Aug-2023,05-Sep-2023,0.205652284054516
1548,1554,31-Aug-2023,06-Sep-2023,0.347740839937622
1549,1555,01-Sep-2023,07-Sep-2023,0.250149649160765
1552,1556,04-Sep-2023,10-Sep-2023,0.288797542049468
1553,1557,05-Sep-2023,11-Sep-2023,0.246609550545838
1554,1558,06-Sep-2023,12-Sep-2023,0.324875849427348
1555,1559,07-Sep-2023,13-Sep-2023,0.227989734164994
1556,1562,10-Sep-2023,16-Sep-2023,0.222225325368161
1557,1563,11-Sep-2023,17-Sep-2023,0.375748982815631
1558,1564,12-Sep-2023,18-Sep-2023,0.169733515296116
1559,1565,13-Sep-2023,19-Sep-2023,0.138316922465607
1560,1566,14-Sep-2023,20-Sep-2023,0.241580092476132
1561,1567,15-Sep-2023,21-Sep-2023,0.291542083648924
1562,1568,16-Sep-2023,22-Sep-2023,0.296428279257665
1563,1569,17-Sep-2023,23-Sep-2023,0.127196975947679
1564,1570,18-Sep-2023,24-Sep-2023,0.160875600152642
1565,1571,19-Sep-2023,25-Sep-2023,0.305422637335025
1566,1572,20-Sep-2023,26-Sep-2023,0.169314495578213
1567,1573,21-Sep-2023,27-Sep-2023,0.265655335400373
1572,1574,26-Sep-2023,02-Oct-2023,0.734890802606298
1573,1575,27-Sep-2023,03-Oct-2023,0.642532991462327
1574,1580,02-Oct-2023,08-Oct-2023,0.647004646080387
1575,1581,03-Oct-2023,09-Oct-2023,0.628349372335003
1576,1582,04-Oct-2023,10-Oct-2023,0.608664840309989
1577,1583,05-Oct-2023,11-Oct-2023,0.203813551431195
1578,1584,06-Oct-2023,12-Oct-2023,0.250984741207895
1579,1585,07-Oct-2023,13-Oct-2023,0.278274781899049
1580,1586,08-Oct-2023,14-Oct-2023,0.294403995788809
1581,1587,09-Oct-2023,15-Oct-2023,0.137500006507681
1582,1588,10-Oct-2023,16-Oct-2023,0.487816007799742
1583,1589,11-Oct-2023,17-Oct-2023,0.224835466144214
1590,1596,31-Oct-2023,06-Nov-2023,0.209057064341128
1591,1597,01-Nov-2023,07-Nov-2023,0.359304438128944
1592,1598,02-Nov-2023,08-Nov-2023,0.497592220570613
1593,1599,03-Nov-2023,09-Nov-2023,0.271985024090554
1594,1600,04-Nov-2023,10-Nov-2023,0.261291525392232
1595,1601,05-Nov-2023,11-Nov-2023,0.185757922988951
1596,1602,06-Nov-2023,12-Nov-2023,0.244710841431099
1597,1603,07-Nov-2023,13-Nov-2023,0.404310664740958
